Optimizer,Loss Function,Threshold,Learning rate,Epochs,Loss,Acc,Precision,Recall,F1-Score,Mean IoU,AUC,TP,FP,TN,FN
Adam,BCE,0.2,0.001,25,0.0611300207674503,0.9649622,0.81567055,0.5186221,0.6340809464454651,0.7140404,0.9768102169036864,67146.0,62324.0,2067196.0,15174.0
Adam,BCE,0.2,0.001,50,0.0716439634561538,0.96937525,0.7192663,0.57022065,0.6361297369003296,0.717474,0.9679906368255616,59210.0,44627.0,2084893.0,23110.0
Adam,BCE,0.2,0.002,25,0.065006747841835,0.966744,0.7551871,0.5379118,0.628295361995697,0.711911,0.9735651016235352,62167.0,53404.0,2076116.0,20153.0
Adam,BCE,0.2,0.002,50,0.0613763816654682,0.96661514,0.799344,0.5344281,0.6405770182609558,0.718402,0.9776020646095276,65802.0,57324.0,2072196.0,16518.0
Adam,BCE,0.2,0.003,25,0.0703266710042953,0.96616304,0.72180516,0.5335758,0.6135790944099426,0.70389616,0.964904010295868,59419.0,51941.0,2077579.0,22901.0
Adam,BCE,0.2,0.003,50,0.0645854771137237,0.97278553,0.7073372,0.61727977,0.659247100353241,0.73187447,0.972748041152954,58228.0,36102.0,2093418.0,24092.0
Adam,BCE,0.3,0.001,25,0.0625494793057441,0.97027135,0.74005103,0.5786734,0.6494880318641663,0.7251746,0.9760351181030272,60921.0,44356.0,2085164.0,21399.0
Adam,BCE,0.3,0.001,50,0.0665662661194801,0.97114396,0.65809035,0.6029181,0.6292972564697266,0.7147625,0.9724528193473816,54174.0,35679.0,2093841.0,28146.0
Adam,BCE,0.3,0.002,25,0.0648349821567535,0.9663353,0.77318996,0.5328996,0.6309407949447632,0.7130976,0.9747071862220764,63649.0,55790.0,2073730.0,18671.0
Adam,BCE,0.3,0.002,50,0.0656350404024124,0.9688038,0.70702136,0.564602,0.6278363466262817,0.7127564,0.97391015291214,58202.0,44883.0,2084637.0,24118.0
Adam,BCE,0.3,0.003,25,0.0657947063446044,0.9718054,0.66890186,0.6106687,0.6384602189064026,0.72000533,0.9705458879470824,55064.0,35106.0,2094414.0,27256.0
Adam,BCE,0.3,0.003,50,0.0638837143778801,0.9741306,0.6433795,0.65527993,0.6492752432823181,0.7270912,0.9733334183692932,52963.0,27862.0,2101658.0,29357.0
Adam,BCE,0.4,0.001,25,0.0642305091023445,0.9741871,0.5502308,0.69296557,0.6134043335914612,0.7080145,0.974924087524414,45295.0,20069.0,2109451.0,37025.0
Adam,BCE,0.4,0.001,50,0.0621857903897762,0.97441316,0.6714043,0.6516613,0.6613855361938477,0.73391974,0.978459358215332,55270.0,29544.0,2099976.0,27050.0
Adam,BCE,0.4,0.002,25,0.0650997385382652,0.9707307,0.72096694,0.58693224,0.6470815539360046,0.7241047,0.9759318232536316,59350.0,41769.0,2087751.0,22970.0
Adam,BCE,0.4,0.002,50,0.0586021430790424,0.9765928,0.6050656,0.7211275,0.6580179333686829,0.7331932,0.9787258505821228,49809.0,19262.0,2110258.0,32511.0
Adam,BCE,0.4,0.003,25,0.0701335147023201,0.97254366,0.44269922,0.7104591,0.5454926490783691,0.67355984,0.9707528352737428,36443.0,14852.0,2114668.0,45877.0
Adam,BCE,0.4,0.003,50,0.0620031133294105,0.97526044,0.5573372,0.7150873,0.6264336705207825,0.7154,0.9761844277381896,45880.0,18280.0,2111240.0,36440.0
Adam,BCE,0.5,0.001,25,0.0623934939503669,0.9742631,0.4906584,0.7292374,0.5866180062294006,0.694415,0.9753443598747252,40391.0,14997.0,2114523.0,41929.0
Adam,BCE,0.5,0.001,50,0.0628015846014022,0.9756388,0.5668367,0.7191271,0.6339644193649292,0.7196022,0.9759110808372498,46662.0,18225.0,2111295.0,35658.0
Adam,BCE,0.5,0.002,25,0.0653862953186035,0.9735569,0.49800777,0.7048831,0.5836560726165771,0.69257194,0.9709005951881408,40996.0,17164.0,2112356.0,41324.0
Adam,BCE,0.5,0.002,50,0.0652409270405769,0.97269285,0.35451895,0.8007243,0.4914496541023254,0.6490519,0.9751323461532592,29184.0,7263.0,2122257.0,53136.0
Adam,BCE,0.5,0.003,25,0.0674353614449501,0.9723203,0.4136662,0.7243932,0.5266104340553284,0.6646509,0.9708389043807985,34053.0,12956.0,2116564.0,48267.0
Adam,BCE,0.5,0.003,50,0.0616772882640361,0.9751632,0.6113946,0.68686455,0.6469359993934631,0.7263558,0.9779261946678162,50330.0,22945.0,2106575.0,31990.0
Adam,BCE,0.6,0.001,25,0.0644071474671363,0.97054577,0.27496356,0.80557334,0.4099875390529632,0.6140465,0.9749960899353028,22635.0,5463.0,2124057.0,59685.0
Adam,BCE,0.6,0.001,50,0.0684616193175315,0.9751361,0.51915693,0.73495674,0.6084901094436646,0.70596695,0.9682989716529846,42737.0,15412.0,2114108.0,39583.0
Adam,BCE,0.6,0.002,25,0.0625376850366592,0.9730636,0.38644314,0.77812296,0.5164160132408142,0.6603787,0.9762491583824158,31812.0,9071.0,2120449.0,50508.0
Adam,BCE,0.6,0.002,50,0.0675837472081184,0.9693789,0.24939261,0.77562433,0.377427875995636,0.6008514,0.9718793630599976,20530.0,5939.0,2123581.0,61790.0
Adam,BCE,0.6,0.003,25,0.0667934492230415,0.970874,0.3090136,0.7713627,0.4412565529346466,0.62680995,0.9704402089118958,25438.0,7540.0,2121980.0,56882.0
Adam,BCE,0.6,0.003,50,0.0647826343774795,0.97190934,0.3403547,0.78157777,0.4742062091827392,0.64117104,0.9750689268112184,28018.0,7830.0,2121690.0,54302.0
Adam,BCE,0.7,0.001,25,0.0658201724290847,0.96611917,0.11780855,0.8071577,0.2056076675653457,0.5402767,0.9714266657829284,9698.0,2317.0,2127203.0,72622.0
Adam,BCE,0.7,0.001,50,0.0607629157602787,0.9752979,0.50094754,0.7526144,0.601518452167511,0.7024756,0.9784427881240844,41238.0,13555.0,2115965.0,41082.0
Adam,BCE,0.7,0.002,25,0.065607838332653,0.97311425,0.42831632,0.7397252,0.5425087213516235,0.6724498,0.977028787136078,35259.0,12406.0,2117114.0,47061.0
Adam,BCE,0.7,0.002,50,0.0659910812973976,0.9678919,0.1768829,0.8171156,0.2908128499984741,0.568913,0.9742291569709778,14561.0,3259.0,2126261.0,67759.0
Adam,BCE,0.7,0.003,25,0.0677435919642448,0.96574754,0.10275753,0.8165846,0.1825440376996994,0.5330277,0.9729105830192566,8459.0,1900.0,2127620.0,73861.0
Adam,BCE,0.7,0.003,50,0.0653301775455474,0.9712619,0.3136662,0.7851669,0.4482579231262207,0.6298982,0.97258323431015,25821.0,7065.0,2122455.0,56499.0
Adam,BCE,0.8,0.001,25,0.0612829364836216,0.96511364,0.07261905,0.87924695,0.1341577023267746,0.5184605,0.9769635200500488,5978.0,821.0,2128699.0,76342.0
Adam,BCE,0.8,0.001,50,0.0614543333649635,0.97249484,0.32721087,0.83164036,0.4696405231952667,0.63951916,0.9739589691162108,26936.0,5453.0,2124067.0,55384.0
Adam,BCE,0.8,0.002,25,0.0653358697891235,0.96328217,0.018063653,0.79603857,0.0353256985545158,0.49061894,0.9744906425476074,1487.0,381.0,2129139.0,80833.0
Adam,BCE,0.8,0.002,50,0.0645255520939827,0.96301675,0.00744655,0.86704385,0.0147662814706563,0.48522228,0.9750829339027404,613.0,94.0,2129426.0,81707.0
Adam,BCE,0.8,0.003,25,0.068794846534729,0.9629277,0.005964529,0.7439394,0.0118341771885752,0.4844359,0.969367265701294,491.0,169.0,2129351.0,81829.0
Adam,BCE,0.8,0.003,50,0.0607310682535171,0.96694064,0.13077016,0.8729322,0.2274647951126098,0.5475532,0.9770523905754088,10765.0,1567.0,2127953.0,71555.0
Adam,Dice,0.2,0.001,25,0.3513904809951782,0.97188497,0.69749755,0.60630184,0.648710310459137,0.72560155,0.8554803133010864,57418.0,37284.0,2092236.0,24902.0
Adam,Dice,0.2,0.001,50,0.3917484581470489,0.97441363,0.54668367,0.7001198,0.6139605045318604,0.7084213,0.7845290303230286,45003.0,19276.0,2110244.0,37317.0
Adam,Dice,0.2,0.002,25,0.3407241404056549,0.97377026,0.6820214,0.638116,0.6593385934829712,0.73244405,0.8447324633598328,56144.0,31840.0,2097680.0,26176.0
Adam,Dice,0.2,0.002,50,0.3329368829727173,0.97449136,0.6868319,0.6485358,0.667134702205658,0.73717445,0.8462789058685303,56540.0,30641.0,2098879.0,25780.0
Adam,Dice,0.2,0.003,25,0.928474187850952,0.03721788,1.0,0.03721788,0.0717648267745971,0.01860894,0.5,82320.0,2129520.0,0.0,0.0
Adam,Dice,0.2,0.003,50,0.928474187850952,0.03721788,1.0,0.03721788,0.0717648267745971,0.01860894,0.5,82320.0,2129520.0,0.0,0.0
Adam,Dice,0.3,0.001,25,0.3615193963050842,0.9737974,0.62909377,0.6537937,0.6412059664726257,0.7225313,0.8278844952583313,51787.0,27423.0,2102097.0,30533.0
Adam,Dice,0.3,0.001,50,0.4075100123882293,0.9747631,0.50443393,0.7343059,0.5980413556098938,0.7004279,0.765498161315918,41525.0,15025.0,2114495.0,40795.0
Adam,Dice,0.3,0.002,25,0.3672885298728943,0.9671622,0.75649905,0.5421724,0.631649911403656,0.7139126,0.8720054626464844,62275.0,52587.0,2076933.0,20045.0
Adam,Dice,0.3,0.002,50,0.3335579931735992,0.9753278,0.66618073,0.6693437,0.6677584648132324,0.73796487,0.8372203707695007,54840.0,27091.0,2102429.0,27480.0
Adam,Dice,0.3,0.003,25,0.3494501709938049,0.97196454,0.7002065,0.60692626,0.650238037109375,0.7264786,0.8510876297950745,57641.0,37331.0,2092189.0,24679.0
Adam,Dice,0.3,0.003,50,0.3344408273696899,0.97559273,0.64904034,0.68042487,0.6643621921539307,0.7362002,0.8257459998130798,53429.0,25094.0,2104426.0,28891.0
Adam,Dice,0.4,0.001,25,0.3380834758281708,0.972654,0.7230564,0.6123096,0.6630905866622925,0.73394275,0.8699221611022949,59522.0,37687.0,2091833.0,22798.0
Adam,Dice,0.4,0.001,50,0.928474187850952,0.03721788,1.0,0.03721788,0.0717648267745971,0.01860894,0.5,82320.0,2129520.0,0.0,0.0
Adam,Dice,0.4,0.002,25,0.928474187850952,0.03721788,1.0,0.03721788,0.0717648267745971,0.01860894,0.5,82320.0,2129520.0,0.0,0.0
Adam,Dice,0.4,0.002,50,0.3303550481796264,0.9738331,0.71183187,0.63176394,0.6694122552871704,0.73810804,0.8590548634529114,58598.0,34155.0,2095365.0,23722.0
Adam,Dice,0.4,0.003,25,0.3553519546985626,0.9717064,0.6914359,0.6048842,0.6452706456184387,0.7236343,0.8473997712135315,56919.0,37180.0,2092340.0,25401.0
Adam,Dice,0.4,0.003,50,0.928474187850952,0.03721788,1.0,0.03721788,0.0717648267745971,0.01860894,0.5,82320.0,2129520.0,0.0,0.0
Adam,Dice,0.5,0.001,25,0.3384256660938263,0.97342753,0.701397,0.62806207,0.6627069115638733,0.7341369,0.8628827929496765,57739.0,34193.0,2095327.0,24581.0
Adam,Dice,0.5,0.001,50,0.928825855255127,0.15295501,0.8755588,0.03724165,0.0714444294571876,0.08073431,0.5002901554107666,72076.0,1863284.0,266236.0,10244.0
Adam,Dice,0.5,0.002,25,0.3842540979385376,0.9709111,0.62356657,0.6061594,0.6147397756576538,0.706996,0.819771945476532,51332.0,33352.0,2096168.0,30988.0
Adam,Dice,0.5,0.002,50,0.3295917212963104,0.9742133,0.703207,0.639703,0.669953465461731,0.73861355,0.8555487990379333,57888.0,32604.0,2096916.0,24432.0
Adam,Dice,0.5,0.003,25,0.3611371219158172,0.96838015,0.7511905,0.55562747,0.6387761235237122,0.71836835,0.8713995218276978,61838.0,49456.0,2080064.0,20482.0
Adam,Dice,0.5,0.003,50,0.928474187850952,0.03721788,1.0,0.03721788,0.0717648267745971,0.01860894,0.5,82320.0,2129520.0,0.0,0.0
Adam,Dice,0.6,0.001,25,0.3456415832042694,0.971318,0.7300656,0.593172,0.6545377373695374,0.72849745,0.870402455329895,60099.0,41219.0,2088301.0,22221.0
Adam,Dice,0.6,0.001,50,0.3533091247081756,0.9716589,0.6992468,0.60280657,0.647455096244812,0.72479784,0.8566799163818359,57562.0,37928.0,2091592.0,24758.0
Adam,Dice,0.6,0.002,25,0.928474187850952,0.03721788,1.0,0.03721788,0.0717648267745971,0.01860894,0.5,82320.0,2129520.0,0.0,0.0
Adam,Dice,0.6,0.002,50,0.928474187850952,0.03721788,1.0,0.03721788,0.0717648267745971,0.01860894,0.5,82320.0,2129520.0,0.0,0.0
Adam,Dice,0.6,0.003,25,0.928474187850952,0.03721788,1.0,0.03721788,0.0717648267745971,0.01860894,0.5,82320.0,2129520.0,0.0,0.0
Adam,Dice,0.6,0.003,50,0.3489468395709991,0.96988165,0.758224,0.57194567,0.6520415544509888,0.7263661,0.8751829266548157,62417.0,46714.0,2082806.0,19903.0
Adam,Dice,0.7,0.001,25,0.3953198492527008,0.96276087,0.7840622,0.49981803,0.6104750633239746,0.7004912,0.8909181952476501,64544.0,64591.0,2064929.0,17776.0
Adam,Dice,0.7,0.001,50,0.3913742005825043,0.9738955,0.53542274,0.693335,0.6042318940162659,0.70313376,0.7841595411300659,44076.0,19495.0,2110025.0,38244.0
Adam,Dice,0.7,0.002,25,0.3474588692188263,0.9737445,0.6593416,0.6438018,0.6514790058135986,0.7280952,0.8374416828155518,54277.0,30030.0,2099490.0,28043.0
Adam,Dice,0.7,0.002,50,0.328305572271347,0.97474545,0.69318515,0.6509211,0.6713886857032776,0.7397039,0.8538522124290466,57063.0,30602.0,2098918.0,25257.0
Adam,Dice,0.7,0.003,25,0.429983526468277,0.9712868,0.5202016,0.64072716,0.5742080211639404,0.68672454,0.7794164419174194,42823.0,24012.0,2105508.0,39497.0
Adam,Dice,0.7,0.003,50,0.928474187850952,0.03721788,1.0,0.03721788,0.0717648267745971,0.01860894,0.5,82320.0,2129520.0,0.0,0.0
Adam,Dice,0.8,0.001,25,0.3593620359897613,0.9740944,0.61160105,0.66532314,0.637332022190094,0.7206,0.8314186334609985,50347.0,25326.0,2104194.0,31973.0
Adam,Dice,0.8,0.001,50,0.928474187850952,0.03721788,1.0,0.03721788,0.0717648267745971,0.01860894,0.5,82320.0,2129520.0,0.0,0.0
Adam,Dice,0.8,0.002,25,0.9285839796066284,0.044515427,0.9908042,0.037172344,0.0716563314199447,0.022545913,0.4993696510791778,81563.0,2112622.0,16898.0,757.0
Adam,Dice,0.8,0.002,50,0.928474187850952,0.03721788,1.0,0.03721788,0.0717648267745971,0.01860894,0.5,82320.0,2129520.0,0.0,0.0
Adam,Dice,0.8,0.003,25,0.928474187850952,0.03721788,1.0,0.03721788,0.0717648267745971,0.01860894,0.5,82320.0,2129520.0,0.0,0.0
Adam,Dice,0.8,0.003,50,0.928474187850952,0.03721788,1.0,0.03721788,0.0717648267745971,0.01860894,0.5,82320.0,2129520.0,0.0,0.0
Adam,IoU,0.2,0.001,25,0.5087918639183044,0.9737056,0.68335766,0.6367392,0.6592252850532532,0.73234713,0.8499202728271484,56254.0,32093.0,2097427.0,26066.0
Adam,IoU,0.2,0.001,50,0.5352849960327148,0.97475135,0.5981414,0.683837,0.6381250023841858,0.72137,0.8074494004249573,49239.0,22765.0,2106755.0,33081.0
Adam,IoU,0.2,0.002,25,0.9627821445465088,0.03721788,1.0,0.03721788,0.0717648267745971,0.01860894,0.5,82320.0,2129520.0,0.0,0.0
Adam,IoU,0.2,0.002,50,0.9627821445465088,0.03721788,1.0,0.03721788,0.0717648267745971,0.01860894,0.5,82320.0,2129520.0,0.0,0.0
Adam,IoU,0.2,0.003,25,0.9627821445465088,0.03721788,1.0,0.03721788,0.0717648267745971,0.01860894,0.5,82320.0,2129520.0,0.0,0.0
Adam,IoU,0.2,0.003,50,0.9627821445465088,0.03721788,1.0,0.03721788,0.0717648267745971,0.01860894,0.5,82320.0,2129520.0,0.0,0.0
Adam,IoU,0.3,0.001,25,0.5162684321403503,0.975203,0.6298348,0.68021464,0.6540560126304626,0.7302768,0.8305670619010925,51848.0,24375.0,2105145.0,30472.0
Adam,IoU,0.3,0.001,50,0.5391923785209656,0.9746993,0.5878887,0.6871264,0.6336455941200256,0.7189412,0.8042845129966736,48395.0,22036.0,2107484.0,33925.0
Adam,IoU,0.3,0.002,25,0.9627821445465088,0.03721788,1.0,0.03721788,0.0717648267745971,0.01860894,0.5,82320.0,2129520.0,0.0,0.0
Adam,IoU,0.3,0.002,50,0.4976192414760589,0.97651184,0.63570213,0.7043772,0.6682799458503723,0.7388799,0.8244433999061584,52331.0,21963.0,2107557.0,29989.0
Adam,IoU,0.3,0.003,25,0.9642984867095948,0.49993852,0.49917397,0.037156396,0.0691644847393035,0.2631467,0.4995709955692291,41092.0,1064828.0,1064692.0,41228.0
Adam,IoU,0.3,0.003,50,0.9627821445465088,0.03721788,1.0,0.03721788,0.0717648267745971,0.01860894,0.5,82320.0,2129520.0,0.0,0.0
Adam,IoU,0.4,0.001,25,0.514604926109314,0.9738738,0.6629859,0.6449581,0.6538476943969727,0.7294645,0.8442515134811401,54577.0,30044.0,2099476.0,27743.0
Adam,IoU,0.4,0.001,50,0.5454095602035522,0.97464013,0.5693149,0.69426996,0.6256140470504761,0.71464324,0.7946974635124207,46866.0,20638.0,2108882.0,35454.0
Adam,IoU,0.4,0.002,25,0.4948087930679321,0.97386974,0.71925414,0.6305941,0.672012448310852,0.7395946,0.8659126162528992,59209.0,34685.0,2094835.0,23111.0
Adam,IoU,0.4,0.002,50,0.5276418328285217,0.97547066,0.5947765,0.7008689,0.64347904920578,0.7246376,0.8048936128616333,48962.0,20897.0,2108623.0,33358.0
Adam,IoU,0.4,0.003,25,0.9643390774726868,0.4998978,0.4986273,0.037115704,0.0690887346863746,0.26311094,0.4992871284484863,41047.0,1064873.0,1064647.0,41273.0
Adam,IoU,0.4,0.003,50,0.9628769755363464,0.047920283,0.98634595,0.037145,0.0715938359498977,0.024381854,0.4989949464797973,81196.0,2104724.0,24796.0,1124.0
Adam,IoU,0.5,0.001,25,0.5307555794715881,0.97416586,0.6107386,0.6670293,0.6376440525054932,0.72080505,0.8243315815925598,50276.0,25097.0,2104423.0,32044.0
Adam,IoU,0.5,0.001,50,0.5674973130226135,0.9736835,0.53423226,0.68883526,0.6017623543739319,0.7017608,0.7812559604644775,43978.0,19866.0,2109654.0,38342.0
Adam,IoU,0.5,0.002,25,0.9627821445465088,0.03721788,1.0,0.03721788,0.0717648267745971,0.01860894,0.5,82320.0,2129520.0,0.0,0.0
Adam,IoU,0.5,0.002,50,0.5070196986198425,0.97078407,0.7671647,0.5814819,0.6615407466888428,0.7320904,0.8815122246742249,63153.0,45454.0,2084066.0,19167.0
Adam,IoU,0.5,0.003,25,0.9627821445465088,0.03721788,1.0,0.03721788,0.0717648267745971,0.01860894,0.5,82320.0,2129520.0,0.0,0.0
Adam,IoU,0.5,0.003,50,0.490274041891098,0.9756863,0.6775753,0.67191076,0.6747311353683472,0.7420925,0.8411954641342163,55778.0,27236.0,2102284.0,26542.0
Adam,IoU,0.6,0.001,25,0.5217719078063965,0.9743955,0.6278183,0.66534495,0.6460371017456055,0.72546417,0.8334705233573914,51682.0,25995.0,2103525.0,30638.0
Adam,IoU,0.6,0.001,50,0.5707495212554932,0.9738037,0.5188168,0.69968873,0.595828652381897,0.6988078,0.7742831707000732,42709.0,18331.0,2111189.0,39611.0
Adam,IoU,0.6,0.002,25,0.5139290690422058,0.9729768,0.68381923,0.6252235,0.653209924697876,0.72864175,0.8499437570571899,56292.0,33743.0,2095777.0,26028.0
Adam,IoU,0.6,0.002,50,0.9627798795700072,0.03733543,0.99993926,0.037220165,0.0717689171433448,0.01867226,0.5000318288803101,82315.0,2129255.0,265.0,5.0
Adam,IoU,0.6,0.003,25,0.9642722606658936,0.49996474,0.49952623,0.037182618,0.069213293492794,0.26316977,0.4997539818286896,41121.0,1064799.0,1064721.0,41199.0
Adam,IoU,0.6,0.003,50,0.962803840637207,0.038718443,0.9978499,0.03719963,0.0717253535985946,0.0194191,0.4997457861900329,82143.0,2126024.0,3496.0,177.0
Adam,IoU,0.7,0.001,25,0.5254444479942322,0.9744195,0.61986154,0.6686453,0.643329918384552,0.7240066,0.8328648209571838,51027.0,25287.0,2104233.0,31293.0
Adam,IoU,0.7,0.001,50,0.9627821445465088,0.03721788,1.0,0.03721788,0.0717648267745971,0.01860894,0.5,82320.0,2129520.0,0.0,0.0
Adam,IoU,0.7,0.002,25,0.5149952173233032,0.9736776,0.6668246,0.64062226,0.6534608602523804,0.72914845,0.8467594981193542,54893.0,30794.0,2098726.0,27427.0
Adam,IoU,0.7,0.002,50,0.4895943403244018,0.97471243,0.7070335,0.6465707,0.6754517555236816,0.7419889,0.8592402338981628,58203.0,31815.0,2097705.0,24117.0
Adam,IoU,0.7,0.003,25,0.5332865118980408,0.97194463,0.66109085,0.61439896,0.6368902921676636,0.7192351,0.8486635088920593,54421.0,34155.0,2095365.0,27899.0
Adam,IoU,0.7,0.003,50,0.9627821445465088,0.03721788,1.0,0.03721788,0.0717648267745971,0.01860894,0.5,82320.0,2129520.0,0.0,0.0
Adam,IoU,0.8,0.001,25,0.5357193350791931,0.9745601,0.581414,0.6869519,0.6297921538352966,0.716815,0.815761923789978,47862.0,21811.0,2107709.0,34458.0
Adam,IoU,0.8,0.001,50,0.9627821445465088,0.03721788,1.0,0.03721788,0.0717648267745971,0.01860894,0.5,82320.0,2129520.0,0.0,0.0
Adam,IoU,0.8,0.002,25,0.9669206142425536,0.7183648,0.26090866,0.036804624,0.0645093545317649,0.37446645,0.4984785318374634,21478.0,562090.0,1567430.0,60842.0
Adam,IoU,0.8,0.002,50,0.5303069949150085,0.97586805,0.56141883,0.7279486,0.6339295506477356,0.7197032,0.7934878468513489,46216.0,17272.0,2112248.0,36104.0
Adam,IoU,0.8,0.003,25,0.9627821445465088,0.03721788,1.0,0.03721788,0.0717648267745971,0.01860894,0.5,82320.0,2129520.0,0.0,0.0
Adam,IoU,0.8,0.003,50,0.9627821445465088,0.03721788,1.0,0.03721788,0.0717648267745971,0.01860894,0.5,82320.0,2129520.0,0.0,0.0
Adam,Weighted BCE/Dice,0.2,0.001,25,0.3480721712112427,0.9529826,0.8820821,0.43506628,0.5827196836471558,0.68127006,0.9784303307533264,72613.0,94288.0,2035232.0,9707.0
Adam,Weighted BCE/Dice,0.2,0.001,50,0.3735823035240173,0.95547324,0.84113216,0.44773358,0.584394633769989,0.68342876,0.973652482032776,69242.0,85408.0,2044112.0,13078.0
Adam,Weighted BCE/Dice,0.2,0.002,25,0.3784069120883941,0.94273996,0.8820821,0.38306886,0.5341626405715942,0.6526021,0.9739344120025636,72613.0,116943.0,2012577.0,9707.0
Adam,Weighted BCE/Dice,0.2,0.002,50,0.3551262021064758,0.9589328,0.8494655,0.4713082,0.6062507629394531,0.69628525,0.978354036808014,69928.0,78442.0,2051078.0,12392.0
Adam,Weighted BCE/Dice,0.2,0.003,25,0.3612477481365204,0.9377134,0.91297376,0.3652605,0.5217717885971069,0.64424676,0.9772855043411256,75156.0,130604.0,1998916.0,7164.0
Adam,Weighted BCE/Dice,0.2,0.003,50,0.3365878164768219,0.94646627,0.9085156,0.40281475,0.5581560134887695,0.6658527,0.9798680543899536,74789.0,110877.0,2018643.0,7531.0
Adam,Weighted BCE/Dice,0.3,0.001,25,0.3610565364360809,0.96408373,0.8016521,0.5111498,0.6242592334747314,0.7083707,0.9769519567489624,65992.0,63113.0,2066407.0,16328.0
Adam,Weighted BCE/Dice,0.3,0.001,50,0.3568513989448547,0.9627984,0.8051263,0.50013584,0.6169987320899963,0.7038897,0.976947784423828,66278.0,66242.0,2063278.0,16042.0
Adam,Weighted BCE/Dice,0.3,0.002,25,0.3601087629795074,0.9653135,0.7968173,0.52229095,0.6309875845909119,0.71258026,0.976049542427063,65594.0,59995.0,2069525.0,16726.0
Adam,Weighted BCE/Dice,0.3,0.002,50,0.3438312709331512,0.9608588,0.83628523,0.4850148,0.6139569878578186,0.70127904,0.9790180921554564,68843.0,73097.0,2056423.0,13477.0
Adam,Weighted BCE/Dice,0.3,0.003,25,2.2150063514709477,0.96278214,0.0,0.0,0.0,0.48139107,0.5,0.0,0.0,2129520.0,82320.0
Adam,Weighted BCE/Dice,0.3,0.003,50,0.3664176762104034,0.9684602,0.7667881,0.555236,0.6440855860710144,0.7212765,0.974308967590332,63122.0,50563.0,2078957.0,19198.0
Adam,Weighted BCE/Dice,0.4,0.001,25,0.4017009735107422,0.9584025,0.7845967,0.4651203,0.584023118019104,0.68480194,0.971708595752716,64588.0,74275.0,2055245.0,17732.0
Adam,Weighted BCE/Dice,0.4,0.001,50,0.4076098203659057,0.9690249,0.6796769,0.57038146,0.6202511787414551,0.7088801,0.9686360359191896,55951.0,42143.0,2087377.0,26369.0
Adam,Weighted BCE/Dice,0.4,0.002,25,0.3530886471271515,0.963534,0.81901115,0.50624347,0.6257198452949524,0.7088474,0.9787920117378236,67421.0,65758.0,2063762.0,14899.0
Adam,Weighted BCE/Dice,0.4,0.002,50,0.3642831742763519,0.96291596,0.7929543,0.50113624,0.6141427159309387,0.7024691,0.9762450456619264,65276.0,64980.0,2064540.0,17044.0
Adam,Weighted BCE/Dice,0.4,0.003,25,0.391709417104721,0.9655676,0.73284745,0.5269051,0.6130427122116089,0.7033038,0.9709699749946594,60328.0,54167.0,2075353.0,21992.0
Adam,Weighted BCE/Dice,0.4,0.003,50,14.645466804504396,0.13574038,0.8863095,0.036938425,0.0709211304783821,0.07151158,0.4965179562568664,72961.0,1902244.0,227276.0,9359.0
Adam,Weighted BCE/Dice,0.5,0.001,25,0.345879316329956,0.9730193,0.71432215,0.61922014,0.6633800268173218,0.73429704,0.9788662195205688,58803.0,36160.0,2093360.0,23517.0
Adam,Weighted BCE/Dice,0.5,0.001,50,0.3342016339302063,0.97412246,0.71847665,0.63455534,0.6739133596420288,0.7408043,0.980212390422821,59145.0,34062.0,2095458.0,23175.0
Adam,Weighted BCE/Dice,0.5,0.002,25,0.3824534714221954,0.9691935,0.68547136,0.5718571,0.6235309839248657,0.7106901,0.974035382270813,56428.0,42247.0,2087273.0,25892.0
Adam,Weighted BCE/Dice,0.5,0.002,50,0.3421161472797394,0.9720825,0.74008745,0.6015581,0.6636710166931152,0.73396456,0.980564296245575,60924.0,40353.0,2089167.0,21396.0
Adam,Weighted BCE/Dice,0.5,0.003,25,0.3881731331348419,0.96863925,0.6867225,0.5647058,0.6197656989097595,0.708423,0.974395990371704,56531.0,43576.0,2085944.0,25789.0
Adam,Weighted BCE/Dice,0.5,0.003,50,0.3771884441375732,0.9706041,0.6758261,0.5920589,0.6311752796173096,0.7154766,0.9754689931869508,55634.0,38333.0,2091187.0,26686.0
Adam,Weighted BCE/Dice,0.6,0.001,25,0.3534919023513794,0.9748824,0.6147959,0.6797303,0.6456345319747925,0.7255003,0.9774891138076782,50610.0,23846.0,2105674.0,31710.0
Adam,Weighted BCE/Dice,0.6,0.001,50,0.4333277940750122,0.9741835,0.5296647,0.7034169,0.6042991876602173,0.7033181,0.964538276195526,43602.0,18384.0,2111136.0,38718.0
Adam,Weighted BCE/Dice,0.6,0.002,25,0.3851168751716614,0.96833813,0.757896,0.5546222,0.640518307685852,0.71928394,0.9779942631721495,62390.0,50101.0,2079419.0,19930.0
Adam,Weighted BCE/Dice,0.6,0.002,50,0.3912601470947265,0.970459,0.6797376,0.5894324,0.6313722729682922,0.715505,0.9761030673980712,55956.0,38976.0,2090544.0,26364.0
Adam,Weighted BCE/Dice,0.6,0.003,25,2.2150063514709477,0.96278214,0.0,0.0,0.0,0.48139107,0.5,0.0,0.0,2129520.0,82320.0
Adam,Weighted BCE/Dice,0.6,0.003,50,0.363525778055191,0.9743969,0.5954446,0.6775545,0.6338514685630798,0.7188932,0.9755277633666992,49017.0,23327.0,2106193.0,33303.0
Adam,Weighted BCE/Dice,0.7,0.001,25,0.3580656349658966,0.9749674,0.5667031,0.70310473,0.6275778412818909,0.71585286,0.9780272841453552,46651.0,19699.0,2109821.0,35669.0
Adam,Weighted BCE/Dice,0.7,0.001,50,0.3512833416461944,0.97496927,0.6022473,0.6866811,0.6416987180709839,0.7234113,0.9787707328796388,49577.0,22621.0,2106899.0,32743.0
Adam,Weighted BCE/Dice,0.7,0.002,25,0.3679710626602173,0.9736898,0.655102,0.6440702,0.6495392918586731,0.7270042,0.9781345129013062,53928.0,29802.0,2099718.0,28392.0
Adam,Weighted BCE/Dice,0.7,0.002,50,0.3760421872138977,0.97539604,0.4776239,0.7749527,0.5909993052482605,0.6971983,0.9736973643302916,39318.0,11418.0,2118102.0,43002.0
Adam,Weighted BCE/Dice,0.7,0.003,25,0.369123101234436,0.9747563,0.4977891,0.73872834,0.5947848558425903,0.6987747,0.9757184386253356,40978.0,14493.0,2115027.0,41342.0
Adam,Weighted BCE/Dice,0.7,0.003,50,0.3516751229763031,0.9755258,0.5633868,0.71827036,0.6314700245857239,0.7182119,0.9761412143707277,46378.0,18191.0,2111329.0,35942.0
Adam,Weighted BCE/Dice,0.8,0.001,25,0.3609719574451446,0.97427934,0.4548105,0.7571284,0.5682629346847534,0.6853705,0.975415050983429,37440.0,12010.0,2117510.0,44880.0
Adam,Weighted BCE/Dice,0.8,0.001,50,0.3965152502059936,0.9746469,0.5249028,0.71804845,0.606468915939331,0.70467234,0.9695047736167908,43210.0,16967.0,2112553.0,39110.0
Adam,Weighted BCE/Dice,0.8,0.002,25,0.3658501803874969,0.9740519,0.5294704,0.7002329,0.6029952168464661,0.7025823,0.9761343598365784,43586.0,18659.0,2110861.0,38734.0
Adam,Weighted BCE/Dice,0.8,0.002,50,0.3628616333007812,0.9753748,0.65749514,0.67322165,0.6652654409408569,0.7365912,0.9807180762290956,54125.0,26272.0,2103248.0,28195.0
Adam,Weighted BCE/Dice,0.8,0.003,25,0.3482849895954132,0.9751442,0.49641642,0.7513744,0.5978479981422424,0.7005276,0.9769905805587769,40865.0,13522.0,2115998.0,41455.0
Adam,Weighted BCE/Dice,0.8,0.003,50,0.3377294242382049,0.97611445,0.5200194,0.7626989,0.6184026598930359,0.7116214,0.9776627421379088,42808.0,13319.0,2116201.0,39512.0
Adam,SFCE,0.2,0.001,25,0.006426986772567,0.92183614,0.94504374,0.3160409,0.4736755192279815,0.61466205,0.9793477058410645,77796.0,168362.0,1961158.0,4524.0
Adam,SFCE,0.2,0.001,50,0.0060905832797288,0.9399545,0.933224,0.3763306,0.5363667607307434,0.6521282,0.9828911423683168,76823.0,127314.0,2002206.0,5497.0
Adam,SFCE,0.2,0.002,25,0.1435500085353851,0.96278214,0.0,0.0,0.0,0.48139107,0.5,0.0,0.0,2129520.0,82320.0
Adam,SFCE,0.2,0.002,50,0.0066096875816583,0.94603133,0.8869412,0.3988125,0.5502192378044128,0.661854,0.9780132174491882,73013.0,110063.0,2019457.0,9307.0
Adam,SFCE,0.2,0.003,25,0.1435500085353851,0.96278214,0.0,0.0,0.0,0.48139107,0.5,0.0,0.0,2129520.0,82320.0
Adam,SFCE,0.2,0.003,50,0.1435500085353851,0.96278214,0.0,0.0,0.0,0.48139107,0.5,0.0,0.0,2129520.0,82320.0
Adam,SFCE,0.3,0.001,25,0.0064912741072475,0.97036314,0.72380954,0.581875,0.6451277732849121,0.7228483,0.977941870689392,59584.0,42816.0,2086704.0,22736.0
Adam,SFCE,0.3,0.001,50,0.0068655689246952,0.97016513,0.71253645,0.58085597,0.6399930119514465,0.71996653,0.9785443544387816,58656.0,42326.0,2087194.0,23664.0
Adam,SFCE,0.3,0.002,25,0.0062811910174787,0.9678535,0.7795432,0.5478839,0.6434992551803589,0.7206373,0.97956520318985,64172.0,52955.0,2076565.0,18148.0
Adam,SFCE,0.3,0.002,50,0.0066653620451688,0.96233,0.780102,0.49613708,0.6065282225608826,0.69823384,0.9764524102211,64218.0,65218.0,2064302.0,18102.0
Adam,SFCE,0.3,0.003,25,0.1435500085353851,0.96278214,0.0,0.0,0.0,0.48139107,0.5,0.0,0.0,2129520.0,82320.0
Adam,SFCE,0.3,0.003,50,0.1435500085353851,0.96278214,0.0,0.0,0.0,0.48139107,0.5,0.0,0.0,2129520.0,82320.0
Adam,SFCE,0.4,0.001,25,0.0068819550797343,0.97325623,0.4075316,0.76368684,0.5314577221870422,0.6673695,0.97807776927948,33548.0,10381.0,2119139.0,48772.0
Adam,SFCE,0.4,0.001,50,0.0087225269526243,0.97248894,0.3697522,0.77242047,0.5001068115234375,0.6527667,0.9681576490402222,30438.0,8968.0,2120552.0,51882.0
Adam,SFCE,0.4,0.002,25,0.006712163798511,0.9732901,0.44031826,0.7359498,0.5509834289550781,0.6765458,0.9765774607658386,36247.0,13005.0,2116515.0,46073.0
Adam,SFCE,0.4,0.002,50,0.1435500085353851,0.96278214,0.0,0.0,0.0,0.48139107,0.5,0.0,0.0,2129520.0,82320.0
Adam,SFCE,0.4,0.003,25,0.1435500085353851,0.96278214,0.0,0.0,0.0,0.48139107,0.5,0.0,0.0,2129520.0,82320.0
Adam,SFCE,0.4,0.003,50,0.1435500085353851,0.96278214,0.0,0.0,0.0,0.48139107,0.5,0.0,0.0,2129520.0,82320.0
Adam,SFCE,0.5,0.001,25,0.0064479722641408,0.9653429,0.09062196,0.8059637,0.1629247814416885,0.5269563,0.9784852266311646,7460.0,1796.0,2127724.0,74860.0
Adam,SFCE,0.5,0.001,50,0.0069534601643681,0.97335976,0.377466,0.8018839,0.5133063197135925,0.6591236,0.9792810082435608,31073.0,7677.0,2121843.0,51247.0
Adam,SFCE,0.5,0.002,25,0.1435500085353851,0.96278214,0.0,0.0,0.0,0.48139107,0.5,0.0,0.0,2129520.0,82320.0
Adam,SFCE,0.5,0.002,50,0.1435500085353851,0.96278214,0.0,0.0,0.0,0.48139107,0.5,0.0,0.0,2129520.0,82320.0
Adam,SFCE,0.5,0.003,25,0.1435500085353851,0.96278214,0.0,0.0,0.0,0.48139107,0.5,0.0,0.0,2129520.0,82320.0
Adam,SFCE,0.5,0.003,50,0.1435500085353851,0.96278214,0.0,0.0,0.0,0.48139107,0.5,0.0,0.0,2129520.0,82320.0
Adam,SFCE,0.6,0.001,25,0.0063905920833349,0.96310174,0.00983965,0.8871851,0.0194634348154068,0.4864578,0.9794071912765504,810.0,103.0,2129417.0,81510.0
Adam,SFCE,0.6,0.001,50,0.0072175641544163,0.9707723,0.26337463,0.8439799,0.4014665186405182,0.61081487,0.9781847596168518,21681.0,4008.0,2125512.0,60639.0
Adam,SFCE,0.6,0.002,25,0.1435500085353851,0.96278214,0.0,0.0,0.0,0.48139107,0.5,0.0,0.0,2129520.0,82320.0
Adam,SFCE,0.6,0.002,50,0.1435500085353851,0.96278214,0.0,0.0,0.0,0.48139107,0.5,0.0,0.0,2129520.0,82320.0
Adam,SFCE,0.6,0.003,25,0.1435500085353851,0.96278214,0.0,0.0,0.0,0.48139107,0.5,0.0,0.0,2129520.0,82320.0
Adam,SFCE,0.6,0.003,50,0.1435500085353851,0.96278214,0.0,0.0,0.0,0.48139107,0.5,0.0,0.0,2129520.0,82320.0
Adam,SFCE,0.7,0.001,25,0.0064980997703969,0.96278214,0.0,0.0,0.0,0.48139107,0.9779651761054992,0.0,0.0,2129520.0,82320.0
Adam,SFCE,0.7,0.001,50,0.007184614893049,0.96964973,0.22683431,0.8427965,0.357460081577301,0.59350884,0.9807664155960084,18673.0,3483.0,2126037.0,63647.0
Adam,SFCE,0.7,0.002,25,0.0071508511900901,0.96278214,0.0,0.0,0.0,0.48139107,0.970855474472046,0.0,0.0,2129520.0,82320.0
Adam,SFCE,0.7,0.002,50,0.1435500085353851,0.96278214,0.0,0.0,0.0,0.48139107,0.5,0.0,0.0,2129520.0,82320.0
Adam,SFCE,0.7,0.003,25,0.1435500085353851,0.96278214,0.0,0.0,0.0,0.48139107,0.5,0.0,0.0,2129520.0,82320.0
Adam,SFCE,0.7,0.003,50,0.1435500085353851,0.96278214,0.0,0.0,0.0,0.48139107,0.5,0.0,0.0,2129520.0,82320.0
Adam,SFCE,0.8,0.001,25,0.0064903064630925,0.96278214,0.0,0.0,0.0,0.48139107,0.978825569152832,0.0,0.0,2129520.0,82320.0
Adam,SFCE,0.8,0.001,50,0.0063278418965637,0.96278214,0.0,0.0,0.0,0.48139107,0.9812687039375304,0.0,0.0,2129520.0,82320.0
Adam,SFCE,0.8,0.002,25,0.0065913908183574,0.96278214,0.0,0.0,0.0,0.48139107,0.9778456687927246,0.0,0.0,2129520.0,82320.0
Adam,SFCE,0.8,0.002,50,0.0066833780147135,0.96278214,0.0,0.0,0.0,0.48139107,0.9766916036605836,0.0,0.0,2129520.0,82320.0
Adam,SFCE,0.8,0.003,25,0.1435500085353851,0.96278214,0.0,0.0,0.0,0.48139107,0.5,0.0,0.0,2129520.0,82320.0
Adam,SFCE,0.8,0.003,50,0.1435500085353851,0.96278214,0.0,0.0,0.0,0.48139107,0.5,0.0,0.0,2129520.0,82320.0
